Voltage_V,Events,GainZero,Limited,TimedEvents,Gain,Gain_SEM,Transit_ps,Transit_SEM,TTS_sigma_ps,TTS_sigma_Err,TTS_FWHM_gauss_ps,TTS_FWHM_robust_ps,TTS_FWHM_direct_ps,InternalWidth_ps,InternalWidth_SEM
450,500,307,0,151,1.558,0.120840709,165.3135606,2.280745776,28.02627331,1.618097644,65.99626838,63.58501368,58.22112822,13.23260851,0.8373708252
500,500,242,0,228,3.908,0.2697862882,165.5545456,1.748366889,26.39976109,1.239002179,62.16615742,60.48647117,46.0361105,15.10166393,0.6660611566
550,500,187,0,285,7.718,0.5467309956,169.8249916,1.413761992,23.86704938,1.001439146,56.20212788,55.16409975,34.11713842,17.16458147,0.5611201329
600,500,157,0,315,14.758,0.8531157512,167.2920072,1.210171896,21.47842046,0.8570822833,50.57738449,44.1403432,35.86293899,18.80511779,0.4692639561
650,500,109,0,385,39.448,1.898812674,172.4048413,0.944856005,18.53941356,0.668983463,43.65661104,41.15909385,18.97276711,20.68745864,0.3808462776
700,500,85,0,411,93.466,4.587134759,171.4133312,0.8698568099,17.63472448,0.6158312917,41.5262492,37.97554154,19.7421781,21.68090492,0.3192559437
750,500,62,0,437,228.81,10.18964285,174.022082,0.7199914202,15.05109301,0.5096943239,35.44231383,33.73330896,15.64512669,22.26818912,0.2609822063
800,500,52,0,446,477.92,19.82830296,174.7164985,0.6599819436,13.93796865,0.4672017705,32.82112857,27.59027044,15.38978226,22.24458553,0.2309345181
850,500,43,0,456,1049.096,44.07001559,176.0150142,0.6475100698,13.82703137,0.4583616266,32.55989347,27.00017405,18.20813146,22.31256671,0.2051236226
900,500,35,0,465,2434.268,95.32354856,176.8668517,0.5727146336,12.34993741,0.4054065568,29.08163261,24.50140226,18.37213456,21.76385519,0.1665901659
950,500,34,0,466,5310.478,213.4049039,177.1056339,0.5557415741,11.99681178,0.3933909557,28.25009238,21.49632243,11.48450617,21.68806776,0.1299261235
