Tranche,MuZ_mm,SigmaZ_mm,MuE_keV,SigmaE_keV,MuPz_keV,SigmaPz_keV,Events,GainZero,Limited,GenerationReached,TimedEvents,Gain,Gain_SEM,Transit_ps,Transit_SEM,TTSBary_ps,TTSBary_Err,TTSBary_Robust_ps,TTSFirst_ps,TTSFirst_Err,TTSFirst_Robust_ps,InternalWidth_ps
0,0.05733,0.0262282,269.961,138.426,177.129,318.022,5000,4716,0,0,281,13.9232,1.115558745,367.4437735,2.163178089,36.26147245,1.532326886,32.55145311,42.13835681,1.780670577,42.88501605,38.21487896
1,0.15046,0.0288612,277.279,134.599,178.119,313.17,5000,4714,0,0,283,8.407,0.6926790245,327.7905725,2.278198268,38.32522694,1.613783175,35.61379401,38.18817686,1.608012325,33.47329569,34.83775775
2,0.2496,0.0287582,276.598,134.561,186.016,314.19,5000,4746,0,0,248,4.0812,0.3652086483,293.8340397,2.335565105,36.78051606,1.654833652,33.66697882,38.44566132,1.729752079,38.05260132,30.00865701
3,0.35036,0.0289118,277.146,134.546,182.728,312.99,5000,4720,0,0,273,2.6196,0.2313401021,250.9934275,2.214979274,36.59746384,1.569103317,36.48116946,34.05631972,1.460152662,32.13745878,25.91315471
4,0.44955,0.0287996,277.46,134.493,184.388,313.972,5000,4724,0,0,261,1.5498,0.1278009805,217.6861696,2.067479749,33.40115755,1.464737654,32.70477235,31.71515621,1.390801604,32.08804231,23.431763
5,0.5501,0.0290022,275.111,135.057,180.506,312.256,5000,4716,0,0,252,0.8924,0.07633852214,178.3141265,1.97294746,31.31956997,1.397860818,30.20449548,28.30887963,1.263487132,26.48703615,18.15008944
6,0.6495,0.0288015,276.976,134.32,185.777,310.777,5000,4724,0,0,238,0.533,0.04443531365,141.0058249,1.790671466,27.6251339,1.268864424,27.82343,24.13966093,1.108771348,24.49474555,14.62585428
7,0.7497,0.028948,277.511,134.732,186.171,313.25,5000,4708,0,0,213,0.3148,0.02522672134,109.2384869,1.534211325,22.39107714,1.087406833,20.45504803,21.84138617,1.06071148,19.80166209,11.92004636
8,0.8497,0.0287356,279.428,133.214,184.539,312.268,5000,4687,0,0,159,0.1756,0.01373865634,71.33137733,1.445153302,18.22268977,1.025106389,18.39550527,17.11399951,0.9627376891,16.80091144,7.511954957
9,0.9485,0.0282908,279.625,134.214,201.664,308.515,5000,4473,0,0,78,0.134,0.006561814649,34.95874711,1.465201971,12.94031343,1.042760173,10.90283815,13.08511629,1.054428719,10.78727251,4.08461009
